{
  "project_info": {
    "project_number": "381083190497",
    "project_id": "cookit-87115",
    "storage_bucket": "cookit-87115.appspot.com"
  },
  "client": [
    {
      "client_info": {
        "mobilesdk_app_id": "1:381083190497:android:d1f9d56812d1c4b58aa3a0",
        "android_client_info": {
          "package_name": "ifpb.aps.cookit"
        }
      },
      "oauth_client": [],
      "api_key": [
        {
          "current_key": "AIzaSyBMmUbLE61fiIZVvZTVFTj9LvA8IIjmbEU"
        }
      ],
      "services": {
        "appinvite_service": {
          "other_platform_oauth_client": []
        }
      }
    }
  ],
  "configuration_version": "1"
}