{
  "project_info": {
    "project_number": "1046062832066",
    "project_id": "testefirebaze",
    "storage_bucket": "testefirebaze.appspot.com"
  },
  "client": [
    {
      "client_info": {
        "mobilesdk_app_id": "1:1046062832066:android:dfa54d4a36b9dedba79e5b",
        "android_client_info": {
          "package_name": "com.example.testefirebaze"
        }
      },
      "oauth_client": [],
      "api_key": [
        {
          "current_key": "AIzaSyCZ9X0hgW24sjBsw0NI-2SX31APbMtd6nY"
        }
      ],
      "services": {
        "appinvite_service": {
          "other_platform_oauth_client": []
        }
      }
    }
  ],
  "configuration_version": "1"
}